{
  "$schema": "https://developer.joomla.org/schemas/json-schema/web_assets.json",
  "name": "ncsc",
  "version": "1.0.0",
  "description": "This file contains details of the assets used by ncsc, a modified version of the default cassiopeia template.",
  "license": "None",
  "assets": [

    {
      "name": "template.ncsc.mainstyles",
      "description": "The default css style to use.",
      "type": "style",
      "uri": "media/templates/site/ncsc/css/template.min.css",
      "dependencies": [
        "fontawesome"
      ]
    },
    {
      "name": "template.ncsc.user",
      "description": "The custom css style to use. Must be placed in media/templates/site/ncsc/css/user.css",
      "type": "style",
      "uri": "media/templates/site/ncsc/css/user.css"
    },
    {
      "name": "template.ncsc.menu",
      "description": "CSS for the template menu. Must be placed in media/templates/site/ncsc/css/menu.css",
      "type": "style",
      "uri": "media/templates/site/ncsc/css/menu.css"
    },
    {
      "name": "template.uswds",
      "description": "CSS Components for USWDS. https://designsystem.digital.gov/",
      "type": "style",
      "uri": "templates/node_modules/@uswds/uswds/dist/css/uswds.css"
    },
    {
      "name": "template.uswds.scripts",
      "description": "File containing javascript for USWDS components.",
      "type": "script",
      "uri": "templates/node_modules/@uswds/uswds/dist/js/uswds.js",
      "attributes" : {
        "defer": true
      },
      "dependencies": [
        "core"
      ]
    },
    {
      "name": "template.ncsc.scripts",
      "description": "File containing javascript for this template.",
      "type": "script",
      "uri": "media/templates/site/ncsc/js/template.js",
      "attributes" : {
        "defer": true
      },
      "dependencies": [
        "core"
      ]
    },
    {
      "name": "template.ncsc.endscript",
      "description": "File containing javascript for this template.",
      "type": "script",
      "uri": "media/templates/site/ncsc/js/endscript.js",
      "attributes" : {
        "defer": true
      }
    },

    {
      "name": "template.active",
      "description": "A dummy asset to allow extensions to use it as a dependency to the active template.",
      "type": "script",
      "uri": "",
      "dependencies": [
        "template.ncsc.scripts"
      ]
    },
    {
      "name": "fontawesome",
      "type": "style",
      "uri": "system/joomla-fontawesome.min.css"
    }
  ]
}
