<?xml version="1.0" encoding="utf-8"?>
<extension type="template" client="site" method="upgrade">
	<name>NCSC</name>
	<version>1.00</version>
	<creationDate>June 2024</creationDate>
	<author>Your Name</author>
	<authorEmail>Bruce.K.Holland@odni.gov</authorEmail>
	<copyright>(C) None</copyright>
	<description>NCSC Base Template</description>
	<inheritable>1</inheritable>
	<scriptfile>script.php</scriptfile>
	<files>
		<filename>index.php</filename>
		<filename>joomla.asset.json</filename>
		<filename>templateDetails.xml</filename>
		<folder>html</folder>
	</files>
	<media destination="templates/site/ncsc" folder="media">
		<folder>js</folder>
		<folder>css</folder>
		<folder>scss</folder>
		<folder>images</folder>
	</media>
	<positions>
		<position>us-banner</position>
		<position>ncsc-banner</position>
		<position>ncsc-search-and-socials</position>
		<position>ncsc-menu</position>
		<position>breadcrumbs</position>
		<position>ncsc-home-page-message</position>
		<position>sidebar-left</position>
		<position>sidebar-right</position>
		<position>ncsc-footer-1</position>
		<position>ncsc-footer-2</position>
      	<position>back-button</position>
		<position>ncsc-about-history-buttons</position>
		<position>ncsc-mission-resources</position>
        <position>articles-list</position>
	</positions>
	<languages folder="language">
		<language tag="en-GB">en-GB/tpl_ncsc.ini</language>
		<language tag="en-GB">en-GB/tpl_ncsc.sys.ini</language>
	</languages>
	<config>
		<fields name="params">
			<fieldset name="advanced">
				<field
					name="testparam"
					type="radio"
					label="TPL_ncsc_TEST_LABEL"
					default="1"
					layout="joomla.form.field.radio.switcher"
					filter="boolean"
					>
					<option value="0">JNO</option>
					<option value="1">JYES</option>
				</field>
			</fieldset>
		</fields>
	</config>
</extension>
